what,kind,bundleId,bundleVersion,description,time
started,bundle,com.android.ide.eclipse.traceview,16.0.1.v201112150204-238534,"com.android.ide.eclipse.traceview",1413866393953
os,sysinfo,,,"win32",1413866393953
arch,sysinfo,,,"x86",1413866393953
ws,sysinfo,,,"win32",1413866393953
locale,sysinfo,,,"en_US",1413866393953
processors,sysinfo,,,"2",1413866393953
java.runtime.name,sysinfo,,,"Java(TM) SE Runtime Environment",1413866393953
java.runtime.version,sysinfo,,,"1.6.0_16-b01",1413866393953
java.specification.name,sysinfo,,,"Java Platform API Specification",1413866393953
java.specification.vendor,sysinfo,,,"Sun Microsystems Inc.",1413866393953
java.specification.version,sysinfo,,,"1.6",1413866393953
java.vendor,sysinfo,,,"Sun Microsystems Inc.",1413866393953
java.version,sysinfo,,,"1.6.0_16",1413866393953
java.vm.info,sysinfo,,,"mixed mode",1413866393953
java.vm.name,sysinfo,,,"Java HotSpot(TM) Client VM",1413866393953
java.vm.specification.name,sysinfo,,,"Java Virtual Machine Specification",1413866393953
java.vm.specification.vendor,sysinfo,,,"Sun Microsystems Inc.",1413866393953
java.vm.specification.version,sysinfo,,,"1.0",1413866393953
java.vm.vendor,sysinfo,,,"Sun Microsystems Inc.",1413866393953
java.vm.version,sysinfo,,,"14.2-b01",1413866393953
activated,workbench,org.eclipse.ui.workbench,3.5.2.M20100113-0800,"",1413866393968
started,bundle,org.eclipse.jst.common.project.facet.core,1.4.1.v200911141836,"org.eclipse.jst.common.project.facet.core",1413866394187
started,bundle,org.eclipse.jsch.core,1.1.100.I20090430-0408,"org.eclipse.jsch.core",1413866394828
started,bundle,org.eclipse.team.cvs.core,3.3.200.I20090430-0408,"org.eclipse.team.cvs.core",1413866394843
started,bundle,org.eclipse.team.cvs.ui,3.3.202.r35x_20090930-0800,"org.eclipse.team.cvs.ui",1413866395906
deactivated,workbench,org.eclipse.ui.workbench,3.5.2.M20100113-0800,"",1413866402015
activated,workbench,org.eclipse.ui.workbench,3.5.2.M20100113-0800,"",1413866451968
deactivated,workbench,org.eclipse.ui.workbench,3.5.2.M20100113-0800,"",1413866452812
activated,workbench,org.eclipse.ui.workbench,3.5.2.M20100113-0800,"",1413866485218
started,bundle,org.eclipse.jdt.junit,3.5.2.r352_v20100113-0800,"org.eclipse.jdt.junit",1413866493781
opened,editor,org.eclipse.jdt.ui,3.5.2.r352_v20100106-0800,"org.eclipse.jdt.ui.CompilationUnitEditor",1413866499484
activated,editor,org.eclipse.jdt.ui,3.5.2.r352_v20100106-0800,"org.eclipse.jdt.ui.CompilationUnitEditor",1413866499625
started,bundle,org.eclipse.debug.ui,3.5.2.v20091028_r352,"org.eclipse.debug.ui",1413866553296
started,bundle,org.eclipse.jdt.debug,3.5.0.v20090526,"org.eclipse.jdt.debug",1413866553765
started,bundle,org.eclipse.jdt.debug.ui,3.4.1.v20090811_r351,"org.eclipse.jdt.debug.ui",1413866553906
deactivated,workbench,org.eclipse.ui.workbench,3.5.2.M20100113-0800,"",1413866557203
activated,workbench,org.eclipse.ui.workbench,3.5.2.M20100113-0800,"",1413866558609
deactivated,workbench,org.eclipse.ui.workbench,3.5.2.M20100113-0800,"",1413866560187
opened,view,org.eclipse.ui.console,3.4.0.v20090513,"org.eclipse.ui.console.ConsoleView",1413866576843
activated,workbench,org.eclipse.ui.workbench,3.5.2.M20100113-0800,"",1413866576875
activated,view,org.eclipse.ui.console,3.4.0.v20090513,"org.eclipse.ui.console.ConsoleView",1413866576890
activated,editor,org.eclipse.jdt.ui,3.5.2.r352_v20100106-0800,"org.eclipse.jdt.ui.CompilationUnitEditor",1413866596562
opened,editor,org.eclipse.jdt.ui,3.5.2.r352_v20100106-0800,"org.eclipse.jdt.ui.CompilationUnitEditor",1413866619109
activated,editor,org.eclipse.jdt.ui,3.5.2.r352_v20100106-0800,"org.eclipse.jdt.ui.CompilationUnitEditor",1413866619125
started,bundle,org.eclipse.ui.views.log,1.0.100.v20090731,"org.eclipse.ui.views.log",1413866629500
started,bundle,org.eclipse.pde.ui,3.5.1.v201001121200,"org.eclipse.pde.ui",1413866629531
executed,command,org.eclipse.ui.workbench.texteditor,3.5.1.r352_v20100105,"org.eclipse.ui.edit.text.smartEnter",1413866658546
executed,command,org.eclipse.ui,3.5.2.M20100120-0800,"org.eclipse.ui.file.save",1413866692015
executed,command,,,"AUTOGEN:::org.eclipse.jdt.internal.ui.CompilationUnitEditor.ruler.actions/org.eclipse.jdt.internal.ui.javaeditor.JavaSelectRulerAction",1413866698328
executed,command,,,"AUTOGEN:::org.eclipse.jdt.internal.ui.CompilationUnitEditor.ruler.actions/org.eclipse.jdt.internal.ui.javaeditor.JavaSelectRulerAction",1413866741390
executed,command,org.eclipse.ui,3.5.2.M20100120-0800,"org.eclipse.ui.edit.delete",1413866760671
executed,command,org.eclipse.ui,3.5.2.M20100120-0800,"org.eclipse.ui.file.save",1413866796781
deactivated,workbench,org.eclipse.ui.workbench,3.5.2.M20100113-0800,"",1413866876328
activated,workbench,org.eclipse.ui.workbench,3.5.2.M20100113-0800,"",1413866876468
deactivated,workbench,org.eclipse.ui.workbench,3.5.2.M20100113-0800,"",1413866876484
activated,workbench,org.eclipse.ui.workbench,3.5.2.M20100113-0800,"",1413866876500
started,bundle,org.eclipse.pde.api.tools,1.0.101.v20090714,"org.eclipse.pde.api.tools",1413867019234
started,bundle,org.eclipse.pde.api.tools.ui,1.0.101.v20090820,"org.eclipse.pde.api.tools.ui",1413867019234
started,bundle,org.eclipse.mylyn.java.ui,3.8.2.v20120916-1200,"org.eclipse.mylyn.java.ui",1413867019250
executed,command,org.eclipse.ui,3.5.2.M20100120-0800,"org.eclipse.ui.edit.text.contentAssist.proposals",1413867019796
started,bundle,org.eclipse.ui.navigator,3.4.2.M20100120-0800,"org.eclipse.ui.navigator",1413867042718
started,bundle,org.eclipse.ui.navigator.resources,3.4.1.M20090826-0800,"org.eclipse.ui.navigator.resources",1413867042734
started,bundle,org.eclipse.wst.jsdt.core,1.0.201.v2010012803,"org.eclipse.wst.jsdt.core",1413867043296
started,bundle,org.eclipse.wst.jsdt.manipulation,1.0.100.v200809240707,"org.eclipse.wst.jsdt.manipulation",1413867043406
started,bundle,org.eclipse.wst.jsdt.ui,1.0.201.v2010012803,"org.eclipse.wst.jsdt.ui",1413867043406
started,bundle,org.eclipse.emf.edit,2.5.0.v200906151043,"org.eclipse.emf.edit",1413867043484
started,bundle,org.eclipse.emf.common.ui,2.5.0.v200906151043,"org.eclipse.emf.common.ui",1413867043500
started,bundle,org.eclipse.emf.edit.ui,2.5.0.v200906151043,"org.eclipse.emf.edit.ui",1413867043500
started,bundle,org.eclipse.jst.j2ee.webservice.ui,1.1.300.v200902052230,"org.eclipse.jst.j2ee.webservice.ui",1413867043515
started,bundle,org.eclipse.wst.common.emf,1.1.301.v200908181930,"org.eclipse.wst.common.emf",1413867043546
started,bundle,org.eclipse.emf.ecore.xmi,2.5.0.v200906151043,"org.eclipse.emf.ecore.xmi",1413867043593
started,bundle,org.eclipse.wst.common.emfworkbench.integration,1.1.301.v200908101600,"org.eclipse.wst.common.emfworkbench.integration",1413867043593
started,bundle,org.eclipse.jst.j2ee.webservice,1.1.300.v200901220600,"org.eclipse.jst.j2ee.webservice",1413867043593
started,bundle,org.eclipse.jst.jee.ui,1.0.201.v201002021208,"org.eclipse.jst.jee.ui",1413867043765
started,bundle,org.eclipse.jst.j2ee.ui,1.1.301.v201001252130,"org.eclipse.jst.j2ee.ui",1413867043796
started,bundle,org.eclipse.jst.j2ee.navigator.ui,1.1.301.v201001252130,"org.eclipse.jst.j2ee.navigator.ui",1413867043796
started,bundle,org.eclipse.jst.j2ee.core,1.1.301.v200911302230,"org.eclipse.jst.j2ee.core",1413867043843
started,bundle,org.eclipse.jem,2.0.301.v201001252130,"org.eclipse.jem",1413867043875
started,bundle,org.eclipse.jst.jee,1.0.201.v201002021055,"org.eclipse.jst.jee",1413867043968
started,bundle,org.eclipse.jpt.core,2.2.1.v200908270220,"org.eclipse.jpt.core",1413867044078
started,bundle,org.eclipse.jpt.eclipselink.core,1.2.0.v200905310000,"org.eclipse.jpt.eclipselink.core",1413867044093
started,bundle,org.eclipse.wst.common.frameworks.ui,1.1.301.v200908101600,"org.eclipse.wst.common.frameworks.ui",1413867044156
started,bundle,org.eclipse.wst.xml.core,1.1.402.v201001222130,"org.eclipse.wst.xml.core",1413867044171
started,bundle,org.eclipse.wst.common.modulecore,1.1.301.v201001252130,"org.eclipse.wst.common.modulecore",1413867044265
started,bundle,org.eclipse.wst.validation,1.2.104.v200911120201,"org.eclipse.wst.validation",1413867044312
started,bundle,org.eclipse.jst.j2ee,1.1.301.v201001272230,"org.eclipse.jst.j2ee",1413867044343
opened,view,org.eclipse.ui.navigator.resources,3.4.1.M20090826-0800,"org.eclipse.ui.navigator.ProjectExplorer",1413867044875
activated,view,org.eclipse.ui.navigator.resources,3.4.1.M20090826-0800,"org.eclipse.ui.navigator.ProjectExplorer",1413867044921
started,bundle,org.eclipse.team.svn.revision.graph,1.0.0.I20120601-1700,"org.eclipse.team.svn.revision.graph",1413867045375
started,bundle,org.eclipse.jst.servlet.ui,1.1.301.v200908101600,"org.eclipse.jst.servlet.ui",1413867047375
opened,editor,org.eclipse.jdt.ui,3.5.2.r352_v20100106-0800,"org.eclipse.jdt.ui.CompilationUnitEditor",1413867052578
activated,editor,org.eclipse.jdt.ui,3.5.2.r352_v20100106-0800,"org.eclipse.jdt.ui.CompilationUnitEditor",1413867052609
activated,editor,org.eclipse.jdt.ui,3.5.2.r352_v20100106-0800,"org.eclipse.jdt.ui.CompilationUnitEditor",1413867056109
executed,command,org.eclipse.ui,3.5.2.M20100120-0800,"org.eclipse.ui.edit.text.contentAssist.proposals",1413867124359
deactivated,workbench,org.eclipse.ui.workbench,3.5.2.M20100113-0800,"",1413867200578
activated,workbench,org.eclipse.ui.workbench,3.5.2.M20100113-0800,"",1413867200656
started,bundle,org.eclipse.wst.server.core,1.1.102.v20100123,"org.eclipse.wst.server.core",1413867316953
started,bundle,org.eclipse.wst.server.ui,1.1.103.v20100123,"org.eclipse.wst.server.ui",1413867316968
deactivated,workbench,org.eclipse.ui.workbench,3.5.2.M20100113-0800,"",1413867319203
activated,workbench,org.eclipse.ui.workbench,3.5.2.M20100113-0800,"",1413867319203
deactivated,workbench,org.eclipse.ui.workbench,3.5.2.M20100113-0800,"",1413867319640
activated,workbench,org.eclipse.ui.workbench,3.5.2.M20100113-0800,"",1413867332265
executed,command,org.eclipse.ui,3.5.2.M20100120-0800,"org.eclipse.ui.edit.paste",1413867336046
deactivated,workbench,org.eclipse.ui.workbench,3.5.2.M20100113-0800,"",1413867346546
activated,workbench,org.eclipse.ui.workbench,3.5.2.M20100113-0800,"",1413867356984
executed,command,org.eclipse.ui,3.5.2.M20100120-0800,"org.eclipse.ui.edit.paste",1413867359390
started,bundle,org.eclipse.mylyn.java.tasks,3.8.2.v20120916-1200,"org.eclipse.mylyn.java.tasks",1413867418109
executed,command,org.eclipse.ui,3.5.2.M20100120-0800,"org.eclipse.ui.edit.copy",1413867418609
executed,command,org.eclipse.ui,3.5.2.M20100120-0800,"org.eclipse.ui.edit.paste",1413867420687
started,bundle,org.eclipse.compare,3.5.2.r35x_20100113-0800,"org.eclipse.compare",1413867443968
executed,command,org.eclipse.ui,3.5.2.M20100120-0800,"org.eclipse.ui.edit.text.contentAssist.proposals",1413867512953
executed,command,org.eclipse.ui,3.5.2.M20100120-0800,"org.eclipse.ui.file.save",1413867533687
executed,command,org.eclipse.ui,3.5.2.M20100120-0800,"org.eclipse.ui.edit.copy",1413867626281
executed,command,org.eclipse.ui,3.5.2.M20100120-0800,"org.eclipse.ui.edit.paste",1413867628421
executed,command,org.eclipse.ui,3.5.2.M20100120-0800,"org.eclipse.ui.edit.text.contentAssist.proposals",1413867807406
executed,command,org.eclipse.ui,3.5.2.M20100120-0800,"org.eclipse.ui.edit.text.contentAssist.proposals",1413867814093
executed,command,org.eclipse.ui,3.5.2.M20100120-0800,"org.eclipse.ui.edit.undo",1413867851515
executed,command,org.eclipse.ui,3.5.2.M20100120-0800,"org.eclipse.ui.edit.delete",1413867854390
executed,command,org.eclipse.ui,3.5.2.M20100120-0800,"org.eclipse.ui.edit.delete",1413867854859
executed,command,org.eclipse.ui,3.5.2.M20100120-0800,"org.eclipse.ui.edit.delete",1413867855000
executed,command,org.eclipse.ui,3.5.2.M20100120-0800,"org.eclipse.ui.edit.delete",1413867855171
executed,command,org.eclipse.ui,3.5.2.M20100120-0800,"org.eclipse.ui.edit.delete",1413867855671
executed,command,org.eclipse.ui,3.5.2.M20100120-0800,"org.eclipse.ui.edit.delete",1413867855703
executed,command,org.eclipse.ui,3.5.2.M20100120-0800,"org.eclipse.ui.edit.delete",1413867855734
executed,command,org.eclipse.ui,3.5.2.M20100120-0800,"org.eclipse.ui.edit.delete",1413867855765
executed,command,org.eclipse.ui,3.5.2.M20100120-0800,"org.eclipse.ui.edit.delete",1413867855796
executed,command,org.eclipse.ui,3.5.2.M20100120-0800,"org.eclipse.ui.edit.delete",1413867855828
executed,command,org.eclipse.ui,3.5.2.M20100120-0800,"org.eclipse.ui.edit.delete",1413867855859
executed,command,org.eclipse.ui,3.5.2.M20100120-0800,"org.eclipse.ui.edit.delete",1413867855906
executed,command,org.eclipse.ui,3.5.2.M20100120-0800,"org.eclipse.ui.edit.delete",1413867855937
executed,command,org.eclipse.ui,3.5.2.M20100120-0800,"org.eclipse.ui.edit.delete",1413867855968
executed,command,org.eclipse.ui,3.5.2.M20100120-0800,"org.eclipse.ui.edit.delete",1413867856000
executed,command,org.eclipse.ui,3.5.2.M20100120-0800,"org.eclipse.ui.edit.delete",1413867856031
executed,command,org.eclipse.ui,3.5.2.M20100120-0800,"org.eclipse.ui.edit.delete",1413867856062
executed,command,org.eclipse.ui,3.5.2.M20100120-0800,"org.eclipse.ui.edit.delete",1413867856218
executed,command,org.eclipse.ui,3.5.2.M20100120-0800,"org.eclipse.ui.edit.delete",1413867856359
executed,command,org.eclipse.ui,3.5.2.M20100120-0800,"org.eclipse.ui.edit.delete",1413867856593
executed,command,org.eclipse.ui,3.5.2.M20100120-0800,"org.eclipse.ui.edit.delete",1413867856765
executed,command,org.eclipse.ui,3.5.2.M20100120-0800,"org.eclipse.ui.edit.delete",1413867856937
executed,command,org.eclipse.ui,3.5.2.M20100120-0800,"org.eclipse.ui.file.save",1413867860812
executed,command,org.eclipse.ui,3.5.2.M20100120-0800,"org.eclipse.ui.file.save",1413867875703
executed,command,org.eclipse.ui,3.5.2.M20100120-0800,"org.eclipse.ui.edit.text.contentAssist.proposals",1413867876796
executed,command,org.eclipse.ui,3.5.2.M20100120-0800,"org.eclipse.ui.file.save",1413867879281
executed,command,org.eclipse.ui,3.5.2.M20100120-0800,"org.eclipse.ui.edit.text.contentAssist.proposals",1413867880390
executed,command,org.eclipse.ui,3.5.2.M20100120-0800,"org.eclipse.ui.edit.text.contentAssist.proposals",1413867887468
executed,command,org.eclipse.ui.workbench.texteditor,3.5.1.r352_v20100105,"org.eclipse.ui.edit.text.smartEnter",1413867889156
executed,command,org.eclipse.ui,3.5.2.M20100120-0800,"org.eclipse.ui.edit.undo",1413867894000
executed,command,org.eclipse.ui,3.5.2.M20100120-0800,"org.eclipse.ui.edit.undo",1413867894375
executed,command,org.eclipse.ui,3.5.2.M20100120-0800,"org.eclipse.ui.edit.text.contentAssist.proposals",1413867896203
deactivated,workbench,org.eclipse.ui.workbench,3.5.2.M20100113-0800,"",1413867934578
activated,workbench,org.eclipse.ui.workbench,3.5.2.M20100113-0800,"",1413867934578
deactivated,workbench,org.eclipse.ui.workbench,3.5.2.M20100113-0800,"",1413867934750
activated,workbench,org.eclipse.ui.workbench,3.5.2.M20100113-0800,"",1413867937968
deactivated,workbench,org.eclipse.ui.workbench,3.5.2.M20100113-0800,"",1413867953078
activated,workbench,org.eclipse.ui.workbench,3.5.2.M20100113-0800,"",1413867957703
deactivated,workbench,org.eclipse.ui.workbench,3.5.2.M20100113-0800,"",1413867960343
activated,workbench,org.eclipse.ui.workbench,3.5.2.M20100113-0800,"",1413867960343
deactivated,workbench,org.eclipse.ui.workbench,3.5.2.M20100113-0800,"",1413867961843
activated,workbench,org.eclipse.ui.workbench,3.5.2.M20100113-0800,"",1413867965734
executed,command,org.eclipse.ui,3.5.2.M20100120-0800,"org.eclipse.ui.edit.paste",1413867968421
executed,command,org.eclipse.ui,3.5.2.M20100120-0800,"org.eclipse.ui.edit.text.contentAssist.proposals",1413867981812
executed,command,org.eclipse.ui,3.5.2.M20100120-0800,"org.eclipse.ui.edit.paste",1413868003125
executed,command,org.eclipse.ui,3.5.2.M20100120-0800,"org.eclipse.ui.edit.copy",1413868039015
executed,command,org.eclipse.ui,3.5.2.M20100120-0800,"org.eclipse.ui.edit.paste",1413868042390
executed,command,org.eclipse.ui,3.5.2.M20100120-0800,"org.eclipse.ui.edit.text.contentAssist.proposals",1413868057343
executed,command,org.eclipse.ui,3.5.2.M20100120-0800,"org.eclipse.ui.edit.text.contentAssist.proposals",1413868077687
executed,command,org.eclipse.ui,3.5.2.M20100120-0800,"org.eclipse.ui.file.save",1413868100156
executed,command,org.eclipse.ui,3.5.2.M20100120-0800,"org.eclipse.ui.edit.copy",1413868141625
executed,command,org.eclipse.ui,3.5.2.M20100120-0800,"org.eclipse.ui.edit.paste",1413868145687
executed,command,org.eclipse.ui,3.5.2.M20100120-0800,"org.eclipse.ui.edit.copy",1413868218375
executed,command,org.eclipse.ui,3.5.2.M20100120-0800,"org.eclipse.ui.edit.cut",1413868220031
executed,command,org.eclipse.ui,3.5.2.M20100120-0800,"org.eclipse.ui.edit.paste",1413868229906
executed,command,org.eclipse.ui,3.5.2.M20100120-0800,"org.eclipse.ui.edit.undo",1413868239640
executed,command,org.eclipse.ui,3.5.2.M20100120-0800,"org.eclipse.ui.edit.paste",1413868250531
executed,command,org.eclipse.ui,3.5.2.M20100120-0800,"org.eclipse.ui.file.save",1413868255265
executed,command,org.eclipse.ui,3.5.2.M20100120-0800,"org.eclipse.ui.file.save",1413868270234
deactivated,workbench,org.eclipse.ui.workbench,3.5.2.M20100113-0800,"",1413868336968
activated,workbench,org.eclipse.ui.workbench,3.5.2.M20100113-0800,"",1413868337078
executed,command,org.eclipse.ui,3.5.2.M20100120-0800,"org.eclipse.ui.edit.undo",1413868349359
activated,editor,org.eclipse.jdt.ui,3.5.2.r352_v20100106-0800,"org.eclipse.jdt.ui.CompilationUnitEditor",1413868355250
opened,editor,org.eclipse.jdt.ui,3.5.2.r352_v20100106-0800,"org.eclipse.jdt.ui.CompilationUnitEditor",1413868360593
activated,editor,org.eclipse.jdt.ui,3.5.2.r352_v20100106-0800,"org.eclipse.jdt.ui.CompilationUnitEditor",1413868360609
started,bundle,org.eclipse.ui.externaltools,3.2.0.v20090504,"org.eclipse.ui.externaltools",1413868368000
error,log,,,"Exception occurred executing command line.",1413868369062
deactivated,workbench,org.eclipse.ui.workbench,3.5.2.M20100113-0800,"",1413868369109
activated,workbench,org.eclipse.ui.workbench,3.5.2.M20100113-0800,"",1413868370796
deactivated,workbench,org.eclipse.ui.workbench,3.5.2.M20100113-0800,"",1413868377312
activated,workbench,org.eclipse.ui.workbench,3.5.2.M20100113-0800,"",1413868418046
activated,view,org.eclipse.ui.console,3.4.0.v20090513,"org.eclipse.ui.console.ConsoleView",1413868418062
deactivated,workbench,org.eclipse.ui.workbench,3.5.2.M20100113-0800,"",1413868435531
activated,workbench,org.eclipse.ui.workbench,3.5.2.M20100113-0800,"",1413868435546
deactivated,workbench,org.eclipse.ui.workbench,3.5.2.M20100113-0800,"",1413868435625
activated,workbench,org.eclipse.ui.workbench,3.5.2.M20100113-0800,"",1413868436640
deactivated,workbench,org.eclipse.ui.workbench,3.5.2.M20100113-0800,"",1413868436953
activated,workbench,org.eclipse.ui.workbench,3.5.2.M20100113-0800,"",1413868436953
deactivated,workbench,org.eclipse.ui.workbench,3.5.2.M20100113-0800,"",1413868437312
activated,workbench,org.eclipse.ui.workbench,3.5.2.M20100113-0800,"",1413868441031
activated,editor,org.eclipse.jdt.ui,3.5.2.r352_v20100106-0800,"org.eclipse.jdt.ui.CompilationUnitEditor",1413868442578
activated,editor,org.eclipse.jdt.ui,3.5.2.r352_v20100106-0800,"org.eclipse.jdt.ui.CompilationUnitEditor",1413868448468
activated,editor,org.eclipse.jdt.ui,3.5.2.r352_v20100106-0800,"org.eclipse.jdt.ui.CompilationUnitEditor",1413868458515
activated,editor,org.eclipse.jdt.ui,3.5.2.r352_v20100106-0800,"org.eclipse.jdt.ui.CompilationUnitEditor",1413868466234
activated,editor,org.eclipse.jdt.ui,3.5.2.r352_v20100106-0800,"org.eclipse.jdt.ui.CompilationUnitEditor",1413868477796
activated,editor,org.eclipse.jdt.ui,3.5.2.r352_v20100106-0800,"org.eclipse.jdt.ui.CompilationUnitEditor",1413868480062
executed,command,org.eclipse.ui,3.5.2.M20100120-0800,"org.eclipse.ui.edit.selectAll",1413868488593
deactivated,workbench,org.eclipse.ui.workbench,3.5.2.M20100113-0800,"",1413868493484
activated,workbench,org.eclipse.ui.workbench,3.5.2.M20100113-0800,"",1413868512187
activated,view,org.eclipse.ui.console,3.4.0.v20090513,"org.eclipse.ui.console.ConsoleView",1413868512203
activated,editor,org.eclipse.jdt.ui,3.5.2.r352_v20100106-0800,"org.eclipse.jdt.ui.CompilationUnitEditor",1413868522062
deactivated,workbench,org.eclipse.ui.workbench,3.5.2.M20100113-0800,"",1413868531859
activated,workbench,org.eclipse.ui.workbench,3.5.2.M20100113-0800,"",1413868531859
deactivated,workbench,org.eclipse.ui.workbench,3.5.2.M20100113-0800,"",1413868532515
activated,workbench,org.eclipse.ui.workbench,3.5.2.M20100113-0800,"",1413868532843
activated,view,org.eclipse.ui.console,3.4.0.v20090513,"org.eclipse.ui.console.ConsoleView",1413868534796
activated,editor,org.eclipse.jdt.ui,3.5.2.r352_v20100106-0800,"org.eclipse.jdt.ui.CompilationUnitEditor",1413868544234
executed,command,org.eclipse.ui,3.5.2.M20100120-0800,"org.eclipse.ui.edit.cut",1413868575890
executed,command,org.eclipse.ui,3.5.2.M20100120-0800,"org.eclipse.ui.edit.paste",1413868583062
executed,command,org.eclipse.ui,3.5.2.M20100120-0800,"org.eclipse.ui.edit.cut",1413868593781
executed,command,org.eclipse.ui,3.5.2.M20100120-0800,"org.eclipse.ui.edit.paste",1413868598390
executed,command,org.eclipse.ui,3.5.2.M20100120-0800,"org.eclipse.ui.file.save",1413868602750
deactivated,workbench,org.eclipse.ui.workbench,3.5.2.M20100113-0800,"",1413868603328
activated,workbench,org.eclipse.ui.workbench,3.5.2.M20100113-0800,"",1413868607015
deactivated,workbench,org.eclipse.ui.workbench,3.5.2.M20100113-0800,"",1413868607703
activated,workbench,org.eclipse.ui.workbench,3.5.2.M20100113-0800,"",1413868615437
activated,view,org.eclipse.ui.console,3.4.0.v20090513,"org.eclipse.ui.console.ConsoleView",1413868615453
started,bundle,org.eclipse.wst.xsl.debug.ui,1.0.0.v200904240436,"org.eclipse.wst.xsl.debug.ui",1413868784843
activated,editor,org.eclipse.jdt.ui,3.5.2.r352_v20100106-0800,"org.eclipse.jdt.ui.CompilationUnitEditor",1413868786468
activated,editor,com.cloudgarden.jigloo,4.6.3,"com.cloudgarden.jigloo.editors.FormEditor",1413868786500
closed,editor,org.eclipse.jdt.ui,3.5.2.r352_v20100106-0800,"org.eclipse.jdt.ui.CompilationUnitEditor",1413868789687
closed,editor,org.eclipse.jdt.ui,3.5.2.r352_v20100106-0800,"org.eclipse.jdt.ui.CompilationUnitEditor",1413868789718
closed,editor,org.eclipse.jdt.ui,3.5.2.r352_v20100106-0800,"org.eclipse.jdt.ui.CompilationUnitEditor",1413868789734
closed,editor,com.cloudgarden.jigloo,4.6.3,"com.cloudgarden.jigloo.editors.FormEditor",1413868789750
closed,editor,org.eclipse.jdt.ui,3.5.2.r352_v20100106-0800,"org.eclipse.jdt.ui.CompilationUnitEditor",1413868789796
executed,command,org.eclipse.ui,3.5.2.M20100120-0800,"org.eclipse.ui.file.closeAll",1413868789796
activated,view,org.eclipse.ui.navigator.resources,3.4.1.M20090826-0800,"org.eclipse.ui.navigator.ProjectExplorer",1413868793625
started,bundle,org.eclipse.mylyn.context.ui,3.8.2.v20120916-1200,"org.eclipse.mylyn.context.ui",1413868804625
deactivated,workbench,org.eclipse.ui.workbench,3.5.2.M20100113-0800,"",1413868807781
activated,workbench,org.eclipse.ui.workbench,3.5.2.M20100113-0800,"",1413868838718
executed,command,org.eclipse.ui,3.5.2.M20100120-0800,"org.eclipse.ui.newWizard",1413868838718
opened,editor,com.cloudgarden.jigloo,4.6.3,"com.cloudgarden.jigloo.editors.FormEditor",1413868838796
activated,editor,com.cloudgarden.jigloo,4.6.3,"com.cloudgarden.jigloo.editors.FormEditor",1413868838828
activated,view,org.eclipse.ui.navigator.resources,3.4.1.M20090826-0800,"org.eclipse.ui.navigator.ProjectExplorer",1413868852750
activated,editor,com.cloudgarden.jigloo,4.6.3,"com.cloudgarden.jigloo.editors.FormEditor",1413868861296
started,bundle,org.eclipse.mylyn.tasks.index.core,3.8.2.v20120916-1200,"org.eclipse.mylyn.tasks.index.core",1413868864843
started,bundle,org.eclipse.mylyn.commons.notifications.ui,1.0.2.v20120916-1200,"org.eclipse.mylyn.commons.notifications.ui",1413868865156
opened,view,org.eclipse.mylyn.tasks.ui,3.8.2.v20120916-1200,"org.eclipse.mylyn.tasks.ui.views.tasks",1413868865234
activated,view,org.eclipse.mylyn.tasks.ui,3.8.2.v20120916-1200,"org.eclipse.mylyn.tasks.ui.views.tasks",1413868865281
deactivated,workbench,org.eclipse.ui.workbench,3.5.2.M20100113-0800,"",1413868884734
activated,workbench,org.eclipse.ui.workbench,3.5.2.M20100113-0800,"",1413868901265
activated,editor,com.cloudgarden.jigloo,4.6.3,"com.cloudgarden.jigloo.editors.FormEditor",1413868908671
deactivated,workbench,org.eclipse.ui.workbench,3.5.2.M20100113-0800,"",1413868917031
deactivated,workbench,org.eclipse.ui.workbench,3.5.2.M20100113-0800,"",1413868923390
activated,workbench,org.eclipse.ui.workbench,3.5.2.M20100113-0800,"",1413868929234
deactivated,workbench,org.eclipse.ui.workbench,3.5.2.M20100113-0800,"",1413868962296
activated,workbench,org.eclipse.ui.workbench,3.5.2.M20100113-0800,"",1413868962296
deactivated,workbench,org.eclipse.ui.workbench,3.5.2.M20100113-0800,"",1413868962343
activated,workbench,org.eclipse.ui.workbench,3.5.2.M20100113-0800,"",1413868999750
deactivated,workbench,org.eclipse.ui.workbench,3.5.2.M20100113-0800,"",1413869009312
activated,workbench,org.eclipse.ui.workbench,3.5.2.M20100113-0800,"",1413869019421
deactivated,workbench,org.eclipse.ui.workbench,3.5.2.M20100113-0800,"",1413869025750
activated,workbench,org.eclipse.ui.workbench,3.5.2.M20100113-0800,"",1413869048375
deactivated,workbench,org.eclipse.ui.workbench,3.5.2.M20100113-0800,"",1413869059859
activated,workbench,org.eclipse.ui.workbench,3.5.2.M20100113-0800,"",1413869111531
deactivated,workbench,org.eclipse.ui.workbench,3.5.2.M20100113-0800,"",1413869120140
executed,command,org.eclipse.ui,3.5.2.M20100120-0800,"org.eclipse.ui.edit.cut",1413869133859
executed,command,org.eclipse.ui,3.5.2.M20100120-0800,"org.eclipse.ui.edit.paste",1413869144390
activated,workbench,org.eclipse.ui.workbench,3.5.2.M20100113-0800,"",1413869166703
deactivated,workbench,org.eclipse.ui.workbench,3.5.2.M20100113-0800,"",1413869175828
activated,workbench,org.eclipse.ui.workbench,3.5.2.M20100113-0800,"",1413869196531
deactivated,workbench,org.eclipse.ui.workbench,3.5.2.M20100113-0800,"",1413869202406
activated,workbench,org.eclipse.ui.workbench,3.5.2.M20100113-0800,"",1413869217968
executed,command,org.eclipse.ui,3.5.2.M20100120-0800,"org.eclipse.ui.file.save",1413869226968
executed,command,org.eclipse.ui,3.5.2.M20100120-0800,"org.eclipse.ui.edit.delete",1413869242265
executed,command,org.eclipse.ui,3.5.2.M20100120-0800,"org.eclipse.ui.edit.text.contentAssist.proposals",1413869255312
executed,command,org.eclipse.ui,3.5.2.M20100120-0800,"org.eclipse.ui.edit.text.contentAssist.proposals",1413869269062
executed,command,org.eclipse.ui,3.5.2.M20100120-0800,"org.eclipse.ui.edit.text.contentAssist.proposals",1413869278187
